lat,long,URL,CODE,ITEM
48.992074000000000,1.722064000000000,http://mw2.google.com/mw-panoramio/photos/medium/486187.jpg,50000,Water bodies
48.989930000000000,1.719800000000000,http://mw2.google.com/mw-panoramio/photos/medium/5000534.jpg,12220,Other roads and associated land
48.991259999999900,1.719865000000000,http://mw2.google.com/mw-panoramio/photos/medium/5000502.jpg,12220,Other roads and associated land
48.990161999999900,1.720696000000000,http://mw2.google.com/mw-panoramio/photos/medium/5000610.jpg,12100,"Industrial, commercial, public, military and private units"
48.991242999999900,1.720111000000000,http://mw2.google.com/mw-panoramio/photos/medium/5000571.jpg,12220,Other roads and associated land
48.978034000000000,1.713674000000000,http://mw2.google.com/mw-panoramio/photos/medium/8330758.jpg,12100,"Industrial, commercial, public, military and private units"
48.983578999999900,1.715412000000000,http://mw2.google.com/mw-panoramio/photos/medium/5016376.jpg,12230,Railways and associated land
48.986406000000000,1.723663000000000,http://mw2.google.com/mw-panoramio/photos/medium/5000552.jpg,11210,Discontinuous Dense Urban Fabric (S.L. : 50% -  80%)
48.984701999999900,1.711947000000000,http://mw2.google.com/mw-panoramio/photos/medium/5016473.jpg,11210,Discontinuous Dense Urban Fabric (S.L. : 50% -  80%)
48.973112000000000,1.715230000000000,http://mw2.google.com/mw-panoramio/photos/medium/9267566.jpg,14100,Green urban areas
48.996648999999900,1.714575000000000,http://mw2.google.com/mw-panoramio/photos/medium/8362151.jpg,12100,"Industrial, commercial, public, military and private units"
48.983018999999900,1.715906000000000,http://mw2.google.com/mw-panoramio/photos/medium/5016389.jpg,12100,"Industrial, commercial, public, military and private units"
48.998803000000000,1.749401000000000,http://mw2.google.com/mw-panoramio/photos/medium/5244454.jpg,20000,Agricultural + Semi-natural areas + Wetlands
48.990006999999900,1.721549000000000,http://mw2.google.com/mw-panoramio/photos/medium/5000538.jpg,11210,Discontinuous Dense Urban Fabric (S.L. : 50% -  80%)
48.987209000000000,1.723829000000000,http://mw2.google.com/mw-panoramio/photos/medium/5000564.jpg,14100,Green urban areas
48.989109999999900,1.722279000000000,http://mw2.google.com/mw-panoramio/photos/medium/5000558.jpg,11210,Discontinuous Dense Urban Fabric (S.L. : 50% -  80%)
49.032015999999900,1.754036000000000,http://mw2.google.com/mw-panoramio/photos/medium/12950656.jpg,20000,Agricultural + Semi-natural areas + Wetlands
48.980414000000000,1.708857000000000,http://mw2.google.com/mw-panoramio/photos/medium/7473133.jpg,11100,Continuous Urban Fabric (S.L. > 80%)
48.982931000000000,1.716115000000000,http://mw2.google.com/mw-panoramio/photos/medium/5016403.jpg,12100,"Industrial, commercial, public, military and private units"
48.990180000000000,1.718652000000000,http://mw2.google.com/mw-panoramio/photos/medium/4237194.jpg,11100,Continuous Urban Fabric (S.L. > 80%)
48.988926999999900,1.721705000000000,http://mw2.google.com/mw-panoramio/photos/medium/8126416.jpg,11210,Discontinuous Dense Urban Fabric (S.L. : 50% -  80%)
48.982413999999900,1.710117000000000,http://mw2.google.com/mw-panoramio/photos/medium/8330755.jpg,12220,Other roads and associated land
48.984709000000000,1.713256000000000,http://mw2.google.com/mw-panoramio/photos/medium/5016371.jpg,12220,Other roads and associated land
48.990369999999900,1.720916000000000,http://mw2.google.com/mw-panoramio/photos/medium/5000592.jpg,11210,Discontinuous Dense Urban Fabric (S.L. : 50% -  80%)
48.983421000000000,1.714661000000000,http://mw2.google.com/mw-panoramio/photos/medium/5016426.jpg,12100,"Industrial, commercial, public, military and private units"
48.980203000000000,1.710960000000000,http://mw2.google.com/mw-panoramio/photos/medium/8696076.jpg,12100,"Industrial, commercial, public, military and private units"
48.972695999999900,1.715444000000000,http://mw2.google.com/mw-panoramio/photos/medium/9267547.jpg,12100,"Industrial, commercial, public, military and private units"
49.003504999999900,1.708846000000000,http://mw2.google.com/mw-panoramio/photos/medium/8362020.jpg,14100,Green urban areas
48.991351999999900,1.719500000000000,http://mw2.google.com/mw-panoramio/photos/medium/98224793.jpg,12220,Other roads and associated land
48.996684000000000,1.714908000000000,http://mw2.google.com/mw-panoramio/photos/medium/8362120.jpg,12100,"Industrial, commercial, public, military and private units"
48.995525999999900,1.716635000000000,http://mw2.google.com/mw-panoramio/photos/medium/8361925.jpg,12220,Other roads and associated land
48.991725000000000,1.721452000000000,http://mw2.google.com/mw-panoramio/photos/medium/102046406.jpg,50000,Water bodies
48.990848999999900,1.720331000000000,http://mw2.google.com/mw-panoramio/photos/medium/5000576.jpg,11210,Discontinuous Dense Urban Fabric (S.L. : 50% -  80%)
48.984118000000000,1.713170000000000,http://mw2.google.com/mw-panoramio/photos/medium/5016428.jpg,11210,Discontinuous Dense Urban Fabric (S.L. : 50% -  80%)
49.046194999999900,1.812637000000000,http://mw2.google.com/mw-panoramio/photos/medium/13415566.jpg,11300,Isolated Structures
49.000774000000000,1.748693000000000,http://mw2.google.com/mw-panoramio/photos/medium/5244433.jpg,20000,Agricultural + Semi-natural areas + Wetlands
49.001956999999900,1.711121000000000,http://mw2.google.com/mw-panoramio/photos/medium/8362040.jpg,14100,Green urban areas
48.983004999999900,1.716034000000000,http://mw2.google.com/mw-panoramio/photos/medium/5016380.jpg,12100,"Industrial, commercial, public, military and private units"
48.990169000000000,1.720793000000000,http://mw2.google.com/mw-panoramio/photos/medium/5000606.jpg,12100,"Industrial, commercial, public, military and private units"
48.994853999999900,1.717284000000000,http://mw2.google.com/mw-panoramio/photos/medium/8361900.jpg,12100,"Industrial, commercial, public, military and private units"
48.998817000000000,1.713867000000000,http://mw2.google.com/mw-panoramio/photos/medium/8361959.jpg,12100,"Industrial, commercial, public, military and private units"
48.980300999999900,1.711260000000000,http://mw2.google.com/mw-panoramio/photos/medium/8696089.jpg,12100,"Industrial, commercial, public, military and private units"
49.032240999999900,1.752834000000000,http://mw2.google.com/mw-panoramio/photos/medium/12952091.jpg,20000,Agricultural + Semi-natural areas + Wetlands
48.991714000000000,1.722609000000000,http://mw2.google.com/mw-panoramio/photos/medium/96879868.jpg,20000,Agricultural + Semi-natural areas + Wetlands
48.982512000000000,1.709758000000000,http://mw2.google.com/mw-panoramio/photos/medium/8330737.jpg,11100,Continuous Urban Fabric (S.L. > 80%)
48.989682999999900,1.720954000000000,http://mw2.google.com/mw-panoramio/photos/medium/5000532.jpg,11210,Discontinuous Dense Urban Fabric (S.L. : 50% -  80%)
48.982709999999900,1.716238000000000,http://mw2.google.com/mw-panoramio/photos/medium/5016408.jpg,12100,"Industrial, commercial, public, military and private units"
48.991383999999900,1.720111000000000,http://mw2.google.com/mw-panoramio/photos/medium/4237126.jpg,11100,Continuous Urban Fabric (S.L. > 80%)
48.984800999999900,1.712011000000000,http://mw2.google.com/mw-panoramio/photos/medium/5016430.jpg,12220,Other roads and associated land
48.985044000000000,1.712183000000000,http://mw2.google.com/mw-panoramio/photos/medium/5016441.jpg,12230,Railways and associated land
48.988796000000000,1.721748000000000,http://mw2.google.com/mw-panoramio/photos/medium/8126418.jpg,11210,Discontinuous Dense Urban Fabric (S.L. : 50% -  80%)
48.983018999999900,1.715916000000000,http://mw2.google.com/mw-panoramio/photos/medium/5016418.jpg,12100,"Industrial, commercial, public, military and private units"
48.974646999999900,1.715176000000000,http://mw2.google.com/mw-panoramio/photos/medium/9267579.jpg,14100,Green urban areas
48.990020999999900,1.721190000000000,http://mw2.google.com/mw-panoramio/photos/medium/5000526.jpg,12100,"Industrial, commercial, public, military and private units"
48.987656000000000,1.713181000000000,http://mw2.google.com/mw-panoramio/photos/medium/19681280.jpg,11100,Continuous Urban Fabric (S.L. > 80%)
48.989820999999900,1.721785000000000,http://mw2.google.com/mw-panoramio/photos/medium/5000516.jpg,11210,Discontinuous Dense Urban Fabric (S.L. : 50% -  80%)
48.990060000000000,1.721216000000000,http://mw2.google.com/mw-panoramio/photos/medium/5000507.jpg,12100,"Industrial, commercial, public, military and private units"
49.035815999999900,1.814522000000000,http://mw2.google.com/mw-panoramio/photos/medium/60092888.jpg,20000,Agricultural + Semi-natural areas + Wetlands
48.995184999999900,1.717054000000000,http://mw2.google.com/mw-panoramio/photos/medium/8361849.jpg,12100,"Industrial, commercial, public, military and private units"
48.972498999999900,1.715498000000000,http://mw2.google.com/mw-panoramio/photos/medium/9360150.jpg,12100,"Industrial, commercial, public, military and private units"
48.988785999999900,1.721769000000000,http://mw2.google.com/mw-panoramio/photos/medium/5000522.jpg,11210,Discontinuous Dense Urban Fabric (S.L. : 50% -  80%)
48.986609999999900,1.723459000000000,http://mw2.google.com/mw-panoramio/photos/medium/5000514.jpg,11210,Discontinuous Dense Urban Fabric (S.L. : 50% -  80%)
48.983018999999900,1.715906000000000,http://mw2.google.com/mw-panoramio/photos/medium/5016394.jpg,12100,"Industrial, commercial, public, military and private units"
48.991706999999900,1.721678000000000,http://mw2.google.com/mw-panoramio/photos/medium/4236996.jpg,50000,Water bodies
48.974840000000000,1.715160000000000,http://mw2.google.com/mw-panoramio/photos/medium/9275109.jpg,14100,Green urban areas
49.033873000000000,1.750002000000000,http://mw2.google.com/mw-panoramio/photos/medium/12951388.jpg,20000,Agricultural + Semi-natural areas + Wetlands
49.050919999999900,1.733780000000000,http://mw2.google.com/mw-panoramio/photos/medium/2281873.jpg,30000,Forests
48.975228000000000,1.713449000000000,http://mw2.google.com/mw-panoramio/photos/medium/9915898.jpg,11100,Continuous Urban Fabric (S.L. > 80%)
48.972392999999900,1.715477000000000,http://mw2.google.com/mw-panoramio/photos/medium/9267604.jpg,12100,"Industrial, commercial, public, military and private units"
48.992669999999900,1.726672000000000,http://mw2.google.com/mw-panoramio/photos/medium/31903727.jpg,14100,Green urban areas
49.046194999999900,1.812637000000000,http://mw2.google.com/mw-panoramio/photos/medium/13415574.jpg,11300,Isolated Structures
49.046194999999900,1.812637000000000,http://mw2.google.com/mw-panoramio/photos/medium/13415557.jpg,11300,Isolated Structures
48.988771999999900,1.716104000000000,http://mw2.google.com/mw-panoramio/photos/medium/9915881.jpg,11100,Continuous Urban Fabric (S.L. > 80%)
48.975714000000000,1.713685000000000,http://mw2.google.com/mw-panoramio/photos/medium/9267295.jpg,11100,Continuous Urban Fabric (S.L. > 80%)
48.996248000000000,1.714854000000000,http://mw2.google.com/mw-panoramio/photos/medium/8362085.jpg,12100,"Industrial, commercial, public, military and private units"
49.060077999999900,1.742958000000000,http://mw2.google.com/mw-panoramio/photos/medium/62500643.jpg,12220,Other roads and associated land
48.987451999999900,1.722718000000000,http://mw2.google.com/mw-panoramio/photos/medium/7707282.jpg,12100,"Industrial, commercial, public, military and private units"
48.990735999999900,1.719875000000000,http://mw2.google.com/mw-panoramio/photos/medium/108014.jpg,12100,"Industrial, commercial, public, military and private units"
48.971688999999900,1.715562000000000,http://mw2.google.com/mw-panoramio/photos/medium/9267420.jpg,14100,Green urban areas
49.022392000000000,1.742191000000000,http://mw2.google.com/mw-panoramio/photos/medium/23364068.jpg,20000,Agricultural + Semi-natural areas + Wetlands
48.988712000000000,1.716051000000000,http://mw2.google.com/mw-panoramio/photos/medium/9915872.jpg,11100,Continuous Urban Fabric (S.L. > 80%)
48.993262999999900,1.729478000000000,http://mw2.google.com/mw-panoramio/photos/medium/31903771.jpg,11210,Discontinuous Dense Urban Fabric (S.L. : 50% -  80%)
48.974724000000000,1.715477000000000,http://mw2.google.com/mw-panoramio/photos/medium/9267359.jpg,14100,Green urban areas
48.992334000000000,1.824503000000000,http://mw2.google.com/mw-panoramio/photos/medium/63535852.jpg,12220,Other roads and associated land
49.024870000000000,1.758153000000000,http://mw2.google.com/mw-panoramio/photos/medium/62615109.jpg,12220,Other roads and associated land
49.060253000000000,1.741907000000000,http://mw2.google.com/mw-panoramio/photos/medium/62500630.jpg,12220,Other roads and associated land
49.022505000000000,1.741934000000000,http://mw2.google.com/mw-panoramio/photos/medium/23363226.jpg,20000,Agricultural + Semi-natural areas + Wetlands
48.992007999999900,1.726382000000000,http://mw2.google.com/mw-panoramio/photos/medium/31903746.jpg,50000,Water bodies
48.990081000000000,1.720530000000000,http://mw2.google.com/mw-panoramio/photos/medium/27393982.jpg,12100,"Industrial, commercial, public, military and private units"
49.027816000000000,1.749020000000000,http://mw2.google.com/mw-panoramio/photos/medium/62615763.jpg,12220,Other roads and associated land
48.990490000000000,1.719505000000000,http://mw2.google.com/mw-panoramio/photos/medium/96879841.jpg,12220,Other roads and associated land
48.989992000000000,1.721772000000000,http://mw2.google.com/mw-panoramio/photos/medium/27393995.jpg,12220,Other roads and associated land
48.992271000000000,1.726313000000000,http://mw2.google.com/mw-panoramio/photos/medium/31856729.jpg,14100,Green urban areas
49.060633000000000,1.742476000000000,http://mw2.google.com/mw-panoramio/photos/medium/62500778.jpg,11220,Discontinuous Medium Density Urban Fabric (S.L. : 30% - 50%)
48.992862000000000,1.724596000000000,http://mw2.google.com/mw-panoramio/photos/medium/62302813.jpg,12220,Other roads and associated land
48.993884999999900,1.724993000000000,http://mw2.google.com/mw-panoramio/photos/medium/31914308.jpg,50000,Water bodies
48.971992000000000,1.715283000000000,http://mw2.google.com/mw-panoramio/photos/medium/9267591.jpg,12100,"Industrial, commercial, public, military and private units"
48.991988999999900,1.717129000000000,http://mw2.google.com/mw-panoramio/photos/medium/30384996.jpg,11100,Continuous Urban Fabric (S.L. > 80%)
48.993192999999900,1.729875000000000,http://mw2.google.com/mw-panoramio/photos/medium/31903680.jpg,12220,Other roads and associated land
48.993510000000000,1.727257000000000,http://mw2.google.com/mw-panoramio/photos/medium/31814396.jpg,11210,Discontinuous Dense Urban Fabric (S.L. : 50% -  80%)
48.993192999999900,1.729875000000000,http://mw2.google.com/mw-panoramio/photos/medium/31903680.jpg,12220,Other roads and associated land
48.993451000000000,1.725374000000000,http://mw2.google.com/mw-panoramio/photos/medium/31903702.jpg,50000,Water bodies
48.990440000000000,1.720970000000000,http://mw2.google.com/mw-panoramio/photos/medium/57813947.jpg,11210,Discontinuous Dense Urban Fabric (S.L. : 50% -  80%)
48.983370999999900,1.716979000000000,http://mw2.google.com/mw-panoramio/photos/medium/59953092.jpg,12100,"Industrial, commercial, public, military and private units"
48.992058999999900,1.725776000000000,http://mw2.google.com/mw-panoramio/photos/medium/31903810.jpg,50000,Water bodies
49.022672999999900,1.741590000000000,http://mw2.google.com/mw-panoramio/photos/medium/23361673.jpg,20000,Agricultural + Semi-natural areas + Wetlands
48.989637999999900,1.721324000000000,http://mw2.google.com/mw-panoramio/photos/medium/57813980.jpg,11210,Discontinuous Dense Urban Fabric (S.L. : 50% -  80%)
48.976246000000000,1.844919000000000,http://mw2.google.com/mw-panoramio/photos/medium/63989867.jpg,14100,Green urban areas
48.991961000000000,1.726409000000000,http://mw2.google.com/mw-panoramio/photos/medium/31903827.jpg,50000,Water bodies
48.990777999999900,1.720948000000000,http://mw2.google.com/mw-panoramio/photos/medium/57813968.jpg,12220,Other roads and associated land
48.990046000000000,1.721501000000000,http://mw2.google.com/mw-panoramio/photos/medium/57813991.jpg,11210,Discontinuous Dense Urban Fabric (S.L. : 50% -  80%)
49.025536000000000,1.754551000000000,http://mw2.google.com/mw-panoramio/photos/medium/62615137.jpg,11220,Discontinuous Medium Density Urban Fabric (S.L. : 30% - 50%)
48.991058000000000,1.717735000000000,http://mw2.google.com/mw-panoramio/photos/medium/97244317.jpg,11100,Continuous Urban Fabric (S.L. > 80%)
48.991325000000000,1.720372000000000,http://mw2.google.com/mw-panoramio/photos/medium/97662027.jpg,11210,Discontinuous Dense Urban Fabric (S.L. : 50% -  80%)
49.003532999999900,1.717300000000000,http://mw2.google.com/mw-panoramio/photos/medium/108982301.jpg,11230,Discontinuous Low Density Urban Fabric (S.L. : 10% - 30%)
48.989322999999900,1.714958000000000,http://mw2.google.com/mw-panoramio/photos/medium/59950176.jpg,11210,Discontinuous Dense Urban Fabric (S.L. : 50% -  80%)
48.971469999999900,1.837505000000000,http://mw2.google.com/mw-panoramio/photos/medium/63989709.jpg,12220,Other roads and associated land
48.990490000000000,1.721399000000000,http://mw2.google.com/mw-panoramio/photos/medium/57813959.jpg,50000,Water bodies
48.992382999999900,1.726398000000000,http://mw2.google.com/mw-panoramio/photos/medium/31856706.jpg,14100,Green urban areas
48.988788999999900,1.713245000000000,http://mw2.google.com/mw-panoramio/photos/medium/59950097.jpg,11100,Continuous Urban Fabric (S.L. > 80%)
48.983586000000000,1.716040000000000,http://mw2.google.com/mw-panoramio/photos/medium/59953075.jpg,12220,Other roads and associated land
49.027344999999900,1.750892000000000,http://mw2.google.com/mw-panoramio/photos/medium/62680845.jpg,12220,Other roads and associated land
48.971370999999900,1.836882000000000,http://mw2.google.com/mw-panoramio/photos/medium/63989728.jpg,11210,Discontinuous Dense Urban Fabric (S.L. : 50% -  80%)
49.022561000000000,1.741848000000000,http://mw2.google.com/mw-panoramio/photos/medium/23361686.jpg,20000,Agricultural + Semi-natural areas + Wetlands
49.060338000000000,1.740491000000000,http://mw2.google.com/mw-panoramio/photos/medium/62500696.jpg,12220,Other roads and associated land
49.026764000000000,1.746756000000000,http://mw2.google.com/mw-panoramio/photos/medium/62615700.jpg,20000,Agricultural + Semi-natural areas + Wetlands
48.991988999999900,1.717129000000000,http://mw2.google.com/mw-panoramio/photos/medium/30384982.jpg,11100,Continuous Urban Fabric (S.L. > 80%)
48.990566999999900,1.719526000000000,http://mw2.google.com/mw-panoramio/photos/medium/68113794.jpg,12220,Other roads and associated land
48.991988999999900,1.717129000000000,http://mw2.google.com/mw-panoramio/photos/medium/30384970.jpg,11100,Continuous Urban Fabric (S.L. > 80%)
48.991988999999900,1.717129000000000,http://mw2.google.com/mw-panoramio/photos/medium/30384953.jpg,11100,Continuous Urban Fabric (S.L. > 80%)
48.976495000000000,1.845170000000000,http://mw2.google.com/mw-panoramio/photos/medium/63989945.jpg,11210,Discontinuous Dense Urban Fabric (S.L. : 50% -  80%)
49.037537000000000,1.802827000000000,http://mw2.google.com/mw-panoramio/photos/medium/15840692.jpg,20000,Agricultural + Semi-natural areas + Wetlands
49.027970000000000,1.749433000000000,http://mw2.google.com/mw-panoramio/photos/medium/62615221.jpg,30000,Forests
49.027957000000000,1.749460000000000,http://mw2.google.com/mw-panoramio/photos/medium/62615743.jpg,12220,Other roads and associated land
49.018768000000000,1.713880000000000,http://mw2.google.com/mw-panoramio/photos/medium/28940980.jpg,11220,Discontinuous Medium Density Urban Fabric (S.L. : 30% - 50%)
48.978098000000000,1.713906000000000,http://mw2.google.com/mw-panoramio/photos/medium/63990465.jpg,12100,"Industrial, commercial, public, military and private units"
49.027769999999900,1.749106000000000,http://mw2.google.com/mw-panoramio/photos/medium/62615212.jpg,12220,Other roads and associated land
48.978088000000000,1.713921000000000,http://mw2.google.com/mw-panoramio/photos/medium/63990440.jpg,12100,"Industrial, commercial, public, military and private units"
49.030222999999900,1.804136000000000,http://mw2.google.com/mw-panoramio/photos/medium/15840676.jpg,20000,Agricultural + Semi-natural areas + Wetlands
48.974428000000000,1.735153000000000,http://mw2.google.com/mw-panoramio/photos/medium/39577594.jpg,12230,Railways and associated land
49.007137000000000,1.749551000000000,http://mw2.google.com/mw-panoramio/photos/medium/62303024.jpg,20000,Agricultural + Semi-natural areas + Wetlands
48.977921000000000,1.713903000000000,http://mw2.google.com/mw-panoramio/photos/medium/63990413.jpg,12100,"Industrial, commercial, public, military and private units"
49.027211999999900,1.751035000000000,http://mw2.google.com/mw-panoramio/photos/medium/61361927.jpg,11210,Discontinuous Dense Urban Fabric (S.L. : 50% -  80%)
48.990081000000000,1.720412000000000,http://mw2.google.com/mw-panoramio/photos/medium/57813975.jpg,12100,"Industrial, commercial, public, military and private units"
48.988379000000000,1.708803000000000,http://mw2.google.com/mw-panoramio/photos/medium/59942398.jpg,11210,Discontinuous Dense Urban Fabric (S.L. : 50% -  80%)
48.990271000000000,1.721222000000000,http://mw2.google.com/mw-panoramio/photos/medium/57813939.jpg,11210,Discontinuous Dense Urban Fabric (S.L. : 50% -  80%)
49.020535000000000,1.844537000000000,http://mw2.google.com/mw-panoramio/photos/medium/15840720.jpg,30000,Forests
48.991933000000000,1.722836000000000,http://mw2.google.com/mw-panoramio/photos/medium/84124858.jpg,20000,Agricultural + Semi-natural areas + Wetlands
48.991767000000000,1.823620000000000,http://mw2.google.com/mw-panoramio/photos/medium/107664169.jpg,14100,Green urban areas
48.991767000000000,1.823545000000000,http://mw2.google.com/mw-panoramio/photos/medium/107664473.jpg,14100,Green urban areas
48.989652999999900,1.714923000000000,http://mw2.google.com/mw-panoramio/photos/medium/59953020.jpg,11100,Continuous Urban Fabric (S.L. > 80%)
49.021908000000000,1.712743000000000,http://mw2.google.com/mw-panoramio/photos/medium/22024739.jpg,11230,Discontinuous Low Density Urban Fabric (S.L. : 10% - 30%)
48.984479999999900,1.713776000000000,http://mw2.google.com/mw-panoramio/photos/medium/59953061.jpg,12220,Other roads and associated land
49.012365000000000,1.816240000000000,http://mw2.google.com/mw-panoramio/photos/medium/15840665.jpg,12220,Other roads and associated land
49.035874999999900,1.831232000000000,http://mw2.google.com/mw-panoramio/photos/medium/15840711.jpg,20000,Agricultural + Semi-natural areas + Wetlands
48.989437000000000,1.717365000000000,http://mw2.google.com/mw-panoramio/photos/medium/59950125.jpg,11100,Continuous Urban Fabric (S.L. > 80%)
48.989429999999900,1.715267000000000,http://mw2.google.com/mw-panoramio/photos/medium/59952999.jpg,12220,Other roads and associated land
48.991647000000000,1.721173000000000,http://mw2.google.com/mw-panoramio/photos/medium/22024763.jpg,12220,Other roads and associated land
49.035280999999900,1.827739000000000,http://mw2.google.com/mw-panoramio/photos/medium/15840706.jpg,20000,Agricultural + Semi-natural areas + Wetlands
48.991767000000000,1.823545000000000,http://mw2.google.com/mw-panoramio/photos/medium/107664247.jpg,14100,Green urban areas
48.977350999999900,1.709002000000000,http://mw2.google.com/mw-panoramio/photos/medium/85550926.jpg,12100,"Industrial, commercial, public, military and private units"
48.998333000000000,1.729281000000000,http://mw2.google.com/mw-panoramio/photos/medium/28940241.jpg,11210,Discontinuous Dense Urban Fabric (S.L. : 50% -  80%)
48.990588000000000,1.719467000000000,http://mw2.google.com/mw-panoramio/photos/medium/68113658.jpg,11100,Continuous Urban Fabric (S.L. > 80%)
49.035423999999900,1.800592000000000,http://mw2.google.com/mw-panoramio/photos/medium/15840685.jpg,20000,Agricultural + Semi-natural areas + Wetlands
48.985894000000000,1.716740000000000,http://mw2.google.com/mw-panoramio/photos/medium/85550881.jpg,12100,"Industrial, commercial, public, military and private units"
49.021635000000000,1.713723000000000,http://mw2.google.com/mw-panoramio/photos/medium/22024749.jpg,11220,Discontinuous Medium Density Urban Fabric (S.L. : 30% - 50%)
48.977867000000000,1.714039000000000,http://mw2.google.com/mw-panoramio/photos/medium/85550902.jpg,12100,"Industrial, commercial, public, military and private units"
49.039178000000000,1.801175000000000,http://mw2.google.com/mw-panoramio/photos/medium/15840697.jpg,12220,Other roads and associated land
48.987729999999900,1.714318000000000,http://mw2.google.com/mw-panoramio/photos/medium/85550852.jpg,12100,"Industrial, commercial, public, military and private units"
49.041196999999900,1.800957000000000,http://mw2.google.com/mw-panoramio/photos/medium/15840703.jpg,12100,"Industrial, commercial, public, military and private units"
49.059742000000000,1.714826000000000,http://mw2.google.com/mw-panoramio/photos/medium/28939966.jpg,30000,Forests
48.990166000000000,1.719006000000000,http://mw2.google.com/mw-panoramio/photos/medium/867025.jpg,11100,Continuous Urban Fabric (S.L. > 80%)
48.990330999999900,1.720229000000000,http://mw2.google.com/mw-panoramio/photos/medium/34961297.jpg,12100,"Industrial, commercial, public, military and private units"
49.030687999999900,1.802369000000000,http://mw2.google.com/mw-panoramio/photos/medium/15840682.jpg,20000,Agricultural + Semi-natural areas + Wetlands
48.990527999999900,1.719773000000000,http://mw2.google.com/mw-panoramio/photos/medium/34961252.jpg,12100,"Industrial, commercial, public, military and private units"
49.023536000000000,1.709693000000000,http://mw2.google.com/mw-panoramio/photos/medium/22024732.jpg,11220,Discontinuous Medium Density Urban Fabric (S.L. : 30% - 50%)
48.990243000000000,1.720423000000000,http://mw2.google.com/mw-panoramio/photos/medium/34961315.jpg,12100,"Industrial, commercial, public, military and private units"
49.024768999999900,1.709574000000000,http://mw2.google.com/mw-panoramio/photos/medium/28940087.jpg,20000,Agricultural + Semi-natural areas + Wetlands
48.990200999999900,1.720058000000000,http://mw2.google.com/mw-panoramio/photos/medium/34961266.jpg,12100,"Industrial, commercial, public, military and private units"
48.990254000000000,1.720363000000000,http://mw2.google.com/mw-panoramio/photos/medium/34961283.jpg,12100,"Industrial, commercial, public, military and private units"
48.990372999999900,1.720160000000000,http://mw2.google.com/mw-panoramio/photos/medium/34961277.jpg,12100,"Industrial, commercial, public, military and private units"
48.989989999999900,1.720439000000000,http://mw2.google.com/mw-panoramio/photos/medium/34961302.jpg,12220,Other roads and associated land
48.990611000000000,1.723089000000000,http://mw2.google.com/mw-panoramio/photos/medium/91982574.jpg,12100,"Industrial, commercial, public, military and private units"
48.990608999999900,1.719988000000000,http://mw2.google.com/mw-panoramio/photos/medium/34961272.jpg,12100,"Industrial, commercial, public, military and private units"
48.993181000000000,1.725448000000000,http://mw2.google.com/mw-panoramio/photos/medium/22024757.jpg,12220,Other roads and associated land
48.996339999999900,1.722922000000000,http://mw2.google.com/mw-panoramio/photos/medium/84119001.jpg,12100,"Industrial, commercial, public, military and private units"
48.990471999999900,1.719385000000000,http://mw2.google.com/mw-panoramio/photos/medium/80398425.jpg,12220,Other roads and associated land
49.022938000000000,1.710397000000000,http://mw2.google.com/mw-panoramio/photos/medium/28940120.jpg,11220,Discontinuous Medium Density Urban Fabric (S.L. : 30% - 50%)
48.990369999999900,1.719908000000000,http://mw2.google.com/mw-panoramio/photos/medium/20015673.jpg,12100,"Industrial, commercial, public, military and private units"
48.990640999999900,1.720020000000000,http://mw2.google.com/mw-panoramio/photos/medium/84118980.jpg,12100,"Industrial, commercial, public, military and private units"
49.030199000000000,1.804241000000000,http://mw2.google.com/mw-panoramio/photos/medium/15840670.jpg,20000,Agricultural + Semi-natural areas + Wetlands
49.057139999999900,1.716504000000000,http://mw2.google.com/mw-panoramio/photos/medium/28939969.jpg,20000,Agricultural + Semi-natural areas + Wetlands
48.990644000000000,1.719918000000000,http://mw2.google.com/mw-panoramio/photos/medium/84118964.jpg,12100,"Industrial, commercial, public, military and private units"
48.991805999999900,1.720347000000000,http://mw2.google.com/mw-panoramio/photos/medium/22277080.jpg,50000,Water bodies
48.990552999999900,1.719790000000000,http://mw2.google.com/mw-panoramio/photos/medium/84118928.jpg,12100,"Industrial, commercial, public, military and private units"
48.990208000000000,1.719124000000000,http://mw2.google.com/mw-panoramio/photos/medium/103457551.jpg,11100,Continuous Urban Fabric (S.L. > 80%)
49.059871999999900,1.714786000000000,http://mw2.google.com/mw-panoramio/photos/medium/28939963.jpg,20000,Agricultural + Semi-natural areas + Wetlands
49.022883999999900,1.710407000000000,http://mw2.google.com/mw-panoramio/photos/medium/28940126.jpg,11220,Discontinuous Medium Density Urban Fabric (S.L. : 30% - 50%)
49.059871999999900,1.714786000000000,http://mw2.google.com/mw-panoramio/photos/medium/28939963.jpg,20000,Agricultural + Semi-natural areas + Wetlands
48.990411000000000,1.720040000000000,http://mw2.google.com/mw-panoramio/photos/medium/22277202.jpg,12100,"Industrial, commercial, public, military and private units"
48.990264000000000,1.720261000000000,http://mw2.google.com/mw-panoramio/photos/medium/22277041.jpg,12100,"Industrial, commercial, public, military and private units"
48.990574000000000,1.719285000000000,http://mw2.google.com/mw-panoramio/photos/medium/6798914.jpg,11100,Continuous Urban Fabric (S.L. > 80%)
48.989246999999900,1.810183000000000,http://mw2.google.com/mw-panoramio/photos/medium/82822218.jpg,11210,Discontinuous Dense Urban Fabric (S.L. : 50% -  80%)
48.996015999999900,1.719790000000000,http://mw2.google.com/mw-panoramio/photos/medium/3774552.jpg,14100,Green urban areas
48.990639000000000,1.723081000000000,http://mw2.google.com/mw-panoramio/photos/medium/91982667.jpg,12100,"Industrial, commercial, public, military and private units"
48.976244999999900,1.757390000000000,http://mw2.google.com/mw-panoramio/photos/medium/60003251.jpg,20000,Agricultural + Semi-natural areas + Wetlands
48.991737000000000,1.721350000000000,http://mw2.google.com/mw-panoramio/photos/medium/37197324.jpg,12220,Other roads and associated land
49.006354999999900,1.717504000000000,http://mw2.google.com/mw-panoramio/photos/medium/2945113.jpg,11220,Discontinuous Medium Density Urban Fabric (S.L. : 30% - 50%)
48.996074000000000,1.734367000000000,http://mw2.google.com/mw-panoramio/photos/medium/82822256.jpg,12220,Other roads and associated land
48.989623999999900,1.836641000000000,http://mw2.google.com/mw-panoramio/photos/medium/46786667.jpg,12220,Other roads and associated land
49.060651000000000,1.741135000000000,http://mw2.google.com/mw-panoramio/photos/medium/37393541.jpg,11230,Discontinuous Low Density Urban Fabric (S.L. : 10% - 30%)
48.975147000000000,1.740904000000000,http://mw2.google.com/mw-panoramio/photos/medium/13176094.jpg,50000,Water bodies
48.990490000000000,1.719285000000000,http://mw2.google.com/mw-panoramio/photos/medium/35882295.jpg,12220,Other roads and associated land
48.977854000000000,1.714039000000000,http://mw2.google.com/mw-panoramio/photos/medium/92536881.jpg,12100,"Industrial, commercial, public, military and private units"
48.984898999999900,1.715949000000000,http://mw2.google.com/mw-panoramio/photos/medium/92536945.jpg,13400,Land without current use
48.985875000000000,1.716721000000000,http://mw2.google.com/mw-panoramio/photos/medium/92536831.jpg,12100,"Industrial, commercial, public, military and private units"
49.027287999999900,1.752029000000000,http://mw2.google.com/mw-panoramio/photos/medium/96271063.jpg,11220,Discontinuous Medium Density Urban Fabric (S.L. : 30% - 50%)
49.006988999999900,1.842313000000000,http://mw2.google.com/mw-panoramio/photos/medium/14788567.jpg,30000,Forests
48.991723999999900,1.722576000000000,http://mw2.google.com/mw-panoramio/photos/medium/91982790.jpg,20000,Agricultural + Semi-natural areas + Wetlands
48.985371000000000,1.731012000000000,http://mw2.google.com/mw-panoramio/photos/medium/13176184.jpg,50000,Water bodies
48.993755999999900,1.844547000000000,http://mw2.google.com/mw-panoramio/photos/medium/83403269.jpg,11220,Discontinuous Medium Density Urban Fabric (S.L. : 30% - 50%)
48.990278000000000,1.720326000000000,http://mw2.google.com/mw-panoramio/photos/medium/36170302.jpg,12100,"Industrial, commercial, public, military and private units"
49.041552000000000,1.809829000000000,http://mw2.google.com/mw-panoramio/photos/medium/72174853.jpg,20000,Agricultural + Semi-natural areas + Wetlands
48.990468000000000,1.719849000000000,http://mw2.google.com/mw-panoramio/photos/medium/36170281.jpg,12100,"Industrial, commercial, public, military and private units"
48.974583000000000,1.845210000000000,http://mw2.google.com/mw-panoramio/photos/medium/14446356.jpg,11210,Discontinuous Dense Urban Fabric (S.L. : 50% -  80%)
49.046908999999900,1.828945000000000,http://mw2.google.com/mw-panoramio/photos/medium/72174931.jpg,20000,Agricultural + Semi-natural areas + Wetlands
48.982695999999900,1.733544000000000,http://mw2.google.com/mw-panoramio/photos/medium/13176131.jpg,50000,Water bodies
48.990046000000000,1.718524000000000,http://mw2.google.com/mw-panoramio/photos/medium/18753955.jpg,12220,Other roads and associated land
48.984667000000000,1.836004000000000,http://mw2.google.com/mw-panoramio/photos/medium/8682111.jpg,50000,Water bodies
48.971666999999900,1.808667000000000,http://mw2.google.com/mw-panoramio/photos/medium/54374371.jpg,50000,Water bodies
48.974302000000000,1.743135000000000,http://mw2.google.com/mw-panoramio/photos/medium/13176080.jpg,50000,Water bodies
48.996930999999900,1.845118000000000,http://mw2.google.com/mw-panoramio/photos/medium/57084946.jpg,11220,Discontinuous Medium Density Urban Fabric (S.L. : 30% - 50%)
49.046700000000000,1.811824000000000,http://mw2.google.com/mw-panoramio/photos/medium/72174873.jpg,11300,Isolated Structures
48.979258999999900,1.717805000000000,http://mw2.google.com/mw-panoramio/photos/medium/18139740.jpg,11220,Discontinuous Medium Density Urban Fabric (S.L. : 30% - 50%)
49.045608000000000,1.825705000000000,http://mw2.google.com/mw-panoramio/photos/medium/72174988.jpg,11220,Discontinuous Medium Density Urban Fabric (S.L. : 30% - 50%)
48.975006000000000,1.813130000000000,http://mw2.google.com/mw-panoramio/photos/medium/13175641.jpg,50000,Water bodies
48.974175000000000,1.807981000000000,http://mw2.google.com/mw-panoramio/photos/medium/13175698.jpg,50000,Water bodies
48.991996000000000,1.721774000000000,http://mw2.google.com/mw-panoramio/photos/medium/18754151.jpg,50000,Water bodies
48.979188999999900,1.822121000000000,http://mw2.google.com/mw-panoramio/photos/medium/13175591.jpg,50000,Water bodies
48.976273999999900,1.845199000000000,http://mw2.google.com/mw-panoramio/photos/medium/43348379.jpg,12220,Other roads and associated land
48.983103999999900,1.733286000000000,http://mw2.google.com/mw-panoramio/photos/medium/13176159.jpg,50000,Water bodies
49.035859000000000,1.814557000000000,http://mw2.google.com/mw-panoramio/photos/medium/72174839.jpg,20000,Agricultural + Semi-natural areas + Wetlands
48.990546000000000,1.718770000000000,http://mw2.google.com/mw-panoramio/photos/medium/18754107.jpg,11100,Continuous Urban Fabric (S.L. > 80%)
48.991728999999900,1.842804000000000,http://mw2.google.com/mw-panoramio/photos/medium/83797042.jpg,11100,Continuous Urban Fabric (S.L. > 80%)
48.991140999999900,1.717279000000000,http://mw2.google.com/mw-panoramio/photos/medium/18753679.jpg,11100,Continuous Urban Fabric (S.L. > 80%)
48.990343000000000,1.722682000000000,http://mw2.google.com/mw-panoramio/photos/medium/80120193.jpg,50000,Water bodies
49.021993999999900,1.712763000000000,http://mw2.google.com/mw-panoramio/photos/medium/73484649.jpg,11230,Discontinuous Low Density Urban Fabric (S.L. : 10% - 30%)
48.992241999999900,1.746767000000000,http://mw2.google.com/mw-panoramio/photos/medium/26133558.jpg,20000,Agricultural + Semi-natural areas + Wetlands
48.972886000000000,1.756858000000000,http://mw2.google.com/mw-panoramio/photos/medium/45517926.jpg,12220,Other roads and associated land
48.976498999999900,1.840261000000000,http://mw2.google.com/mw-panoramio/photos/medium/22862956.jpg,14200,Sports and leisure facilities
48.989919000000000,1.720229000000000,http://mw2.google.com/mw-panoramio/photos/medium/18754086.jpg,11210,Discontinuous Dense Urban Fabric (S.L. : 50% -  80%)
48.991584000000000,1.844948000000000,http://mw2.google.com/mw-panoramio/photos/medium/83556707.jpg,11100,Continuous Urban Fabric (S.L. > 80%)
48.990771000000000,1.716228000000000,http://mw2.google.com/mw-panoramio/photos/medium/26104078.jpg,12220,Other roads and associated land
48.984161000000000,1.723106000000000,http://mw2.google.com/mw-panoramio/photos/medium/103815074.jpg,11210,Discontinuous Dense Urban Fabric (S.L. : 50% -  80%)
49.027087999999900,1.752035000000000,http://mw2.google.com/mw-panoramio/photos/medium/83263133.jpg,12220,Other roads and associated land
48.994632000000000,1.842773000000000,http://mw2.google.com/mw-panoramio/photos/medium/83796052.jpg,12220,Other roads and associated land
48.992365999999900,1.842412000000000,http://mw2.google.com/mw-panoramio/photos/medium/83557533.jpg,12220,Other roads and associated land
48.995246999999900,1.843936000000000,http://mw2.google.com/mw-panoramio/photos/medium/83768347.jpg,12220,Other roads and associated land
49.059525999999900,1.810759000000000,http://mw2.google.com/mw-panoramio/photos/medium/85363803.jpg,20000,Agricultural + Semi-natural areas + Wetlands
48.994990000000000,1.844078000000000,http://mw2.google.com/mw-panoramio/photos/medium/83780602.jpg,14100,Green urban areas
48.975034000000000,1.816864000000000,http://mw2.google.com/mw-panoramio/photos/medium/16389854.jpg,20000,Agricultural + Semi-natural areas + Wetlands
48.994523000000000,1.730475000000000,http://mw2.google.com/mw-panoramio/photos/medium/15704151.jpg,11100,Continuous Urban Fabric (S.L. > 80%)
48.992108999999900,1.844898000000000,http://mw2.google.com/mw-panoramio/photos/medium/83635789.jpg,12220,Other roads and associated land
48.995379999999900,1.843773000000000,http://mw2.google.com/mw-panoramio/photos/medium/83790602.jpg,11210,Discontinuous Dense Urban Fabric (S.L. : 50% -  80%)
48.994104999999900,1.843551000000000,http://mw2.google.com/mw-panoramio/photos/medium/83397579.jpg,11210,Discontinuous Dense Urban Fabric (S.L. : 50% -  80%)
48.989227000000000,1.723575000000000,http://mw2.google.com/mw-panoramio/photos/medium/80120105.jpg,50000,Water bodies
48.991585000000000,1.845070000000000,http://mw2.google.com/mw-panoramio/photos/medium/83555058.jpg,11100,Continuous Urban Fabric (S.L. > 80%)
48.995305000000000,1.843866000000000,http://mw2.google.com/mw-panoramio/photos/medium/83781078.jpg,11210,Discontinuous Dense Urban Fabric (S.L. : 50% -  80%)
48.993870000000000,1.844198000000000,http://mw2.google.com/mw-panoramio/photos/medium/83402796.jpg,11220,Discontinuous Medium Density Urban Fabric (S.L. : 30% - 50%)
48.992116000000000,1.734783000000000,http://mw2.google.com/mw-panoramio/photos/medium/26103748.jpg,12100,"Industrial, commercial, public, military and private units"
49.027239000000000,1.751771000000000,http://mw2.google.com/mw-panoramio/photos/medium/83263126.jpg,11210,Discontinuous Dense Urban Fabric (S.L. : 50% -  80%)
48.991582999999900,1.845141000000000,http://mw2.google.com/mw-panoramio/photos/medium/83396359.jpg,12220,Other roads and associated land
48.993538000000000,1.842460000000000,http://mw2.google.com/mw-panoramio/photos/medium/83796718.jpg,11220,Discontinuous Medium Density Urban Fabric (S.L. : 30% - 50%)
48.994928999999900,1.844075000000000,http://mw2.google.com/mw-panoramio/photos/medium/83768544.jpg,12220,Other roads and associated land
48.994686999999900,1.843994000000000,http://mw2.google.com/mw-panoramio/photos/medium/83767739.jpg,12220,Other roads and associated land
49.017156999999900,1.736698000000000,http://mw2.google.com/mw-panoramio/photos/medium/19942291.jpg,20000,Agricultural + Semi-natural areas + Wetlands
48.994107999999900,1.843701000000000,http://mw2.google.com/mw-panoramio/photos/medium/83396922.jpg,12220,Other roads and associated land
48.995142000000000,1.843990000000000,http://mw2.google.com/mw-panoramio/photos/medium/83786339.jpg,12220,Other roads and associated land
48.993031000000000,1.730862000000000,http://mw2.google.com/mw-panoramio/photos/medium/15704145.jpg,11100,Continuous Urban Fabric (S.L. > 80%)
48.989690000000000,1.712649000000000,http://mw2.google.com/mw-panoramio/photos/medium/26103678.jpg,12100,"Industrial, commercial, public, military and private units"
48.990330999999900,1.720026000000000,http://mw2.google.com/mw-panoramio/photos/medium/18754028.jpg,12100,"Industrial, commercial, public, military and private units"
48.987785000000000,1.843185000000000,http://mw2.google.com/mw-panoramio/photos/medium/88687739.jpg,50000,Water bodies
48.987813000000000,1.843153000000000,http://mw2.google.com/mw-panoramio/photos/medium/88654142.jpg,12220,Other roads and associated land
48.990330999999900,1.720192000000000,http://mw2.google.com/mw-panoramio/photos/medium/18754066.jpg,12100,"Industrial, commercial, public, military and private units"
48.974020000000000,1.742964000000000,http://mw2.google.com/mw-panoramio/photos/medium/13176035.jpg,50000,Water bodies
48.996930999999900,1.721163000000000,http://mw2.google.com/mw-panoramio/photos/medium/13176356.jpg,50000,Water bodies
48.990138000000000,1.718620000000000,http://mw2.google.com/mw-panoramio/photos/medium/26193453.jpg,11100,Continuous Urban Fabric (S.L. > 80%)
49.059553999999900,1.763670000000000,http://mw2.google.com/mw-panoramio/photos/medium/25688803.jpg,11220,Discontinuous Medium Density Urban Fabric (S.L. : 30% - 50%)
48.992868999999900,1.724226000000000,http://mw2.google.com/mw-panoramio/photos/medium/26098172.jpg,14200,Sports and leisure facilities
48.980334999999900,1.711667000000000,http://mw2.google.com/mw-panoramio/photos/medium/41502696.jpg,12100,"Industrial, commercial, public, military and private units"
48.979160999999900,1.822100000000000,http://mw2.google.com/mw-panoramio/photos/medium/13175535.jpg,50000,Water bodies
48.979999999999900,1.711667000000000,http://mw2.google.com/mw-panoramio/photos/medium/41503625.jpg,12100,"Industrial, commercial, public, military and private units"
48.991622999999900,1.725487000000000,http://mw2.google.com/mw-panoramio/photos/medium/13176215.jpg,50000,Water bodies
49.006461000000000,1.726227000000000,http://mw2.google.com/mw-panoramio/photos/medium/15703564.jpg,30000,Forests
48.972977999999900,1.765763000000000,http://mw2.google.com/mw-panoramio/photos/medium/45517940.jpg,20000,Agricultural + Semi-natural areas + Wetlands
49.004691000000000,1.715332000000000,http://mw2.google.com/mw-panoramio/photos/medium/25866650.jpg,50000,Water bodies
48.982334000000000,1.710000000000000,http://mw2.google.com/mw-panoramio/photos/medium/41503591.jpg,11100,Continuous Urban Fabric (S.L. > 80%)
48.993721000000000,1.838300000000000,http://mw2.google.com/mw-panoramio/photos/medium/1964199.jpg,20000,Agricultural + Semi-natural areas + Wetlands
49.000605000000000,1.845188000000000,http://mw2.google.com/mw-panoramio/photos/medium/43660027.jpg,30000,Forests
48.981997999999900,1.710667000000000,http://mw2.google.com/mw-panoramio/photos/medium/41503604.jpg,11210,Discontinuous Dense Urban Fabric (S.L. : 50% -  80%)
48.991472000000000,1.747883000000000,http://mw2.google.com/mw-panoramio/photos/medium/27526141.jpg,20000,Agricultural + Semi-natural areas + Wetlands
48.978133000000000,1.761804000000000,http://mw2.google.com/mw-panoramio/photos/medium/20076134.jpg,50000,Water bodies
48.994166999999900,1.727778000000000,http://mw2.google.com/mw-panoramio/photos/medium/52338484.jpg,11100,Continuous Urban Fabric (S.L. > 80%)
49.059722999999900,1.815833000000000,http://mw2.google.com/mw-panoramio/photos/medium/47848397.jpg,11210,Discontinuous Dense Urban Fabric (S.L. : 50% -  80%)
48.993031000000000,1.730862000000000,http://mw2.google.com/mw-panoramio/photos/medium/15704126.jpg,11100,Continuous Urban Fabric (S.L. > 80%)
49.007840000000000,1.721206000000000,http://mw2.google.com/mw-panoramio/photos/medium/31038100.jpg,30000,Forests
48.991764000000000,1.725363000000000,http://mw2.google.com/mw-panoramio/photos/medium/13176254.jpg,50000,Water bodies
49.024206999999900,1.795342000000000,http://mw2.google.com/mw-panoramio/photos/medium/1964249.jpg,12100,"Industrial, commercial, public, military and private units"
48.991781000000000,1.722332000000000,http://mw2.google.com/mw-panoramio/photos/medium/27081906.jpg,50000,Water bodies
48.979999999999900,1.711667000000000,http://mw2.google.com/mw-panoramio/photos/medium/41503635.jpg,12100,"Industrial, commercial, public, military and private units"
48.989479000000000,1.715514000000000,http://mw2.google.com/mw-panoramio/photos/medium/27081395.jpg,11100,Continuous Urban Fabric (S.L. > 80%)
48.991148000000000,1.719489000000000,http://mw2.google.com/mw-panoramio/photos/medium/21967120.jpg,11100,Continuous Urban Fabric (S.L. > 80%)
48.993467000000000,1.747191000000000,http://mw2.google.com/mw-panoramio/photos/medium/32576629.jpg,20000,Agricultural + Semi-natural areas + Wetlands
48.993172000000000,1.729746000000000,http://mw2.google.com/mw-panoramio/photos/medium/15704114.jpg,11210,Discontinuous Dense Urban Fabric (S.L. : 50% -  80%)
48.975034000000000,1.816864000000000,http://mw2.google.com/mw-panoramio/photos/medium/16389809.jpg,20000,Agricultural + Semi-natural areas + Wetlands
48.992565999999900,1.724682000000000,http://mw2.google.com/mw-panoramio/photos/medium/13176329.jpg,50000,Water bodies
48.990440000000000,1.719570000000000,http://mw2.google.com/mw-panoramio/photos/medium/24616812.jpg,12100,"Industrial, commercial, public, military and private units"
48.992904000000000,1.724070000000000,http://mw2.google.com/mw-panoramio/photos/medium/26106774.jpg,14200,Sports and leisure facilities
48.980334999999900,1.711667000000000,http://mw2.google.com/mw-panoramio/photos/medium/41502654.jpg,12100,"Industrial, commercial, public, military and private units"
49.024206999999900,1.795342000000000,http://mw2.google.com/mw-panoramio/photos/medium/1964273.jpg,12100,"Industrial, commercial, public, military and private units"
48.992668000000000,1.724666000000000,http://mw2.google.com/mw-panoramio/photos/medium/13176278.jpg,50000,Water bodies
48.994470999999900,1.837040000000000,http://mw2.google.com/mw-panoramio/photos/medium/100391558.jpg,20000,Agricultural + Semi-natural areas + Wetlands
48.991359000000000,1.844147000000000,http://mw2.google.com/mw-panoramio/photos/medium/100387968.jpg,12220,Other roads and associated land
48.991771000000000,1.722922000000000,http://mw2.google.com/mw-panoramio/photos/medium/23426970.jpg,20000,Agricultural + Semi-natural areas + Wetlands
49.059525999999900,1.763670000000000,http://mw2.google.com/mw-panoramio/photos/medium/25689084.jpg,11220,Discontinuous Medium Density Urban Fabric (S.L. : 30% - 50%)
48.980400000000000,1.714489000000000,http://mw2.google.com/mw-panoramio/photos/medium/18137026.jpg,11100,Continuous Urban Fabric (S.L. > 80%)
48.992280999999900,1.725894000000000,http://mw2.google.com/mw-panoramio/photos/medium/25868778.jpg,50000,Water bodies
48.991706999999900,1.722558000000000,http://mw2.google.com/mw-panoramio/photos/medium/24583603.jpg,20000,Agricultural + Semi-natural areas + Wetlands
48.993093999999900,1.827893000000000,http://mw2.google.com/mw-panoramio/photos/medium/55567916.jpg,20000,Agricultural + Semi-natural areas + Wetlands
49.045786999999900,1.825833000000000,http://mw2.google.com/mw-panoramio/photos/medium/63387255.jpg,12220,Other roads and associated land
48.990088000000000,1.721511000000000,http://mw2.google.com/mw-panoramio/photos/medium/27776319.jpg,11210,Discontinuous Dense Urban Fabric (S.L. : 50% -  80%)
48.990574000000000,1.719253000000000,http://mw2.google.com/mw-panoramio/photos/medium/24616847.jpg,11100,Continuous Urban Fabric (S.L. > 80%)
48.996653000000000,1.715857000000000,http://mw2.google.com/mw-panoramio/photos/medium/16794574.jpg,12100,"Industrial, commercial, public, military and private units"
49.035556999999900,1.814444000000000,http://mw2.google.com/mw-panoramio/photos/medium/47848403.jpg,20000,Agricultural + Semi-natural areas + Wetlands
48.996493999999900,1.727107000000000,http://mw2.google.com/mw-panoramio/photos/medium/52338209.jpg,12220,Other roads and associated land
48.991717999999900,1.720937000000000,http://mw2.google.com/mw-panoramio/photos/medium/27697363.jpg,50000,Water bodies
48.983688000000000,1.804569000000000,http://mw2.google.com/mw-panoramio/photos/medium/43658619.jpg,11210,Discontinuous Dense Urban Fabric (S.L. : 50% -  80%)
48.983708999999900,1.809311000000000,http://mw2.google.com/mw-panoramio/photos/medium/43658195.jpg,12220,Other roads and associated land
48.990419000000000,1.719602000000000,http://mw2.google.com/mw-panoramio/photos/medium/24616681.jpg,12100,"Industrial, commercial, public, military and private units"
49.006461000000000,1.726227000000000,http://mw2.google.com/mw-panoramio/photos/medium/15703513.jpg,30000,Forests
49.055083000000000,1.767168000000000,http://mw2.google.com/mw-panoramio/photos/medium/41034564.jpg,12220,Other roads and associated land
48.978808999999900,1.715080000000000,http://mw2.google.com/mw-panoramio/photos/medium/43285965.jpg,11220,Discontinuous Medium Density Urban Fabric (S.L. : 30% - 50%)
48.993298000000000,1.743307000000000,http://mw2.google.com/mw-panoramio/photos/medium/26077685.jpg,11100,Continuous Urban Fabric (S.L. > 80%)
48.990046000000000,1.721195000000000,http://mw2.google.com/mw-panoramio/photos/medium/27697360.jpg,12100,"Industrial, commercial, public, military and private units"
48.992077000000000,1.726125000000000,http://mw2.google.com/mw-panoramio/photos/medium/44253122.jpg,50000,Water bodies
48.995902999999900,1.719875000000000,http://mw2.google.com/mw-panoramio/photos/medium/9904259.jpg,14100,Green urban areas
48.996887999999900,1.716270000000000,http://mw2.google.com/mw-panoramio/photos/medium/37885472.jpg,50000,Water bodies
48.994166999999900,1.727778000000000,http://mw2.google.com/mw-panoramio/photos/medium/52338461.jpg,11100,Continuous Urban Fabric (S.L. > 80%)
48.992651000000000,1.725626000000000,http://mw2.google.com/mw-panoramio/photos/medium/27777010.jpg,50000,Water bodies
48.988905000000000,1.819117000000000,http://mw2.google.com/mw-panoramio/photos/medium/43658144.jpg,13400,Land without current use
48.994166999999900,1.727778000000000,http://mw2.google.com/mw-panoramio/photos/medium/52338461.jpg,11100,Continuous Urban Fabric (S.L. > 80%)
48.984836000000000,1.808624000000000,http://mw2.google.com/mw-panoramio/photos/medium/43658190.jpg,11210,Discontinuous Dense Urban Fabric (S.L. : 50% -  80%)
48.975935999999900,1.715112000000000,http://mw2.google.com/mw-panoramio/photos/medium/45305700.jpg,14100,Green urban areas
48.993101000000000,1.730390000000000,http://mw2.google.com/mw-panoramio/photos/medium/15704089.jpg,12220,Other roads and associated land
48.990194000000000,1.720787000000000,http://mw2.google.com/mw-panoramio/photos/medium/27776324.jpg,12100,"Industrial, commercial, public, military and private units"
48.996352999999900,1.716485000000000,http://mw2.google.com/mw-panoramio/photos/medium/37885484.jpg,50000,Water bodies
48.981833999999900,1.709333000000000,http://mw2.google.com/mw-panoramio/photos/medium/41503731.jpg,12100,"Industrial, commercial, public, military and private units"
48.975822999999900,1.806049000000000,http://mw2.google.com/mw-panoramio/photos/medium/43658610.jpg,11210,Discontinuous Dense Urban Fabric (S.L. : 50% -  80%)
48.993031000000000,1.730862000000000,http://mw2.google.com/mw-panoramio/photos/medium/15704065.jpg,11100,Continuous Urban Fabric (S.L. > 80%)
48.989370000000000,1.822228000000000,http://mw2.google.com/mw-panoramio/photos/medium/43658139.jpg,12220,Other roads and associated land
48.978724000000000,1.715434000000000,http://mw2.google.com/mw-panoramio/photos/medium/43285935.jpg,11220,Discontinuous Medium Density Urban Fabric (S.L. : 30% - 50%)
48.981335000000000,1.709000000000000,http://mw2.google.com/mw-panoramio/photos/medium/41521740.jpg,12100,"Industrial, commercial, public, military and private units"
48.980666999999900,1.711333000000000,http://mw2.google.com/mw-panoramio/photos/medium/41503708.jpg,12100,"Industrial, commercial, public, military and private units"
48.983680999999900,1.804526000000000,http://mw2.google.com/mw-panoramio/photos/medium/43658617.jpg,11210,Discontinuous Dense Urban Fabric (S.L. : 50% -  80%)
49.001702999999900,1.719661000000000,http://mw2.google.com/mw-panoramio/photos/medium/54276557.jpg,11230,Discontinuous Low Density Urban Fabric (S.L. : 10% - 30%)
48.980998999999900,1.708833000000000,http://mw2.google.com/mw-panoramio/photos/medium/41521735.jpg,12100,"Industrial, commercial, public, military and private units"
48.991785000000000,1.721479000000000,http://mw2.google.com/mw-panoramio/photos/medium/52338469.jpg,12220,Other roads and associated land
48.981166999999900,1.708667000000000,http://mw2.google.com/mw-panoramio/photos/medium/41521730.jpg,12100,"Industrial, commercial, public, military and private units"
49.020718000000000,1.755710000000000,http://mw2.google.com/mw-panoramio/photos/medium/47569975.jpg,11220,Discontinuous Medium Density Urban Fabric (S.L. : 30% - 50%)
48.992058999999900,1.725712000000000,http://mw2.google.com/mw-panoramio/photos/medium/55380371.jpg,50000,Water bodies
49.006461000000000,1.726227000000000,http://mw2.google.com/mw-panoramio/photos/medium/15703584.jpg,30000,Forests
48.992955000000000,1.724840000000000,http://mw2.google.com/mw-panoramio/photos/medium/52338201.jpg,12220,Other roads and associated land
48.991110999999900,1.719722000000000,http://mw2.google.com/mw-panoramio/photos/medium/52338184.jpg,12220,Other roads and associated land
48.993341000000000,1.743296000000000,http://mw2.google.com/mw-panoramio/photos/medium/26077705.jpg,11100,Continuous Urban Fabric (S.L. > 80%)
48.991700000000000,1.721286000000000,http://mw2.google.com/mw-panoramio/photos/medium/52338194.jpg,12220,Other roads and associated land
49.005052999999900,1.711593000000000,http://mw2.google.com/mw-panoramio/photos/medium/54276491.jpg,20000,Agricultural + Semi-natural areas + Wetlands
48.996389000000000,1.726667000000000,http://mw2.google.com/mw-panoramio/photos/medium/52338493.jpg,11210,Discontinuous Dense Urban Fabric (S.L. : 50% -  80%)
49.006461000000000,1.726227000000000,http://mw2.google.com/mw-panoramio/photos/medium/15703589.jpg,30000,Forests
48.993172000000000,1.729746000000000,http://mw2.google.com/mw-panoramio/photos/medium/15704097.jpg,11210,Discontinuous Dense Urban Fabric (S.L. : 50% -  80%)
48.993392999999900,1.725363000000000,http://mw2.google.com/mw-panoramio/photos/medium/55380431.jpg,50000,Water bodies
48.999155000000000,1.824675000000000,http://mw2.google.com/mw-panoramio/photos/medium/43658624.jpg,20000,Agricultural + Semi-natural areas + Wetlands
48.999310000000000,1.714811000000000,http://mw2.google.com/mw-panoramio/photos/medium/59718887.jpg,50000,Water bodies
48.974358000000000,1.807766000000000,http://mw2.google.com/mw-panoramio/photos/medium/43658601.jpg,50000,Water bodies
49.009152999999900,1.778976000000000,http://mw2.google.com/mw-panoramio/photos/medium/74772748.jpg,12100,"Industrial, commercial, public, military and private units"
48.992770999999900,1.725916000000000,http://mw2.google.com/mw-panoramio/photos/medium/40279716.jpg,14100,Green urban areas
48.973906999999900,1.805706000000000,http://mw2.google.com/mw-panoramio/photos/medium/43658169.jpg,50000,Water bodies
48.980666999999900,1.711333000000000,http://mw2.google.com/mw-panoramio/photos/medium/41503670.jpg,12100,"Industrial, commercial, public, military and private units"
48.980334999999900,1.711667000000000,http://mw2.google.com/mw-panoramio/photos/medium/41503654.jpg,12100,"Industrial, commercial, public, military and private units"
48.980666999999900,1.711333000000000,http://mw2.google.com/mw-panoramio/photos/medium/41503690.jpg,12100,"Industrial, commercial, public, military and private units"
48.974583000000000,1.806908000000000,http://mw2.google.com/mw-panoramio/photos/medium/43658186.jpg,11220,Discontinuous Medium Density Urban Fabric (S.L. : 30% - 50%)
48.972442999999900,1.715884000000000,http://mw2.google.com/mw-panoramio/photos/medium/45305722.jpg,12100,"Industrial, commercial, public, military and private units"
48.978833000000000,1.718167000000000,http://mw2.google.com/mw-panoramio/photos/medium/55382241.jpg,14200,Sports and leisure facilities
48.990243000000000,1.720691000000000,http://mw2.google.com/mw-panoramio/photos/medium/54276519.jpg,12100,"Industrial, commercial, public, military and private units"
48.988891000000000,1.819117000000000,http://mw2.google.com/mw-panoramio/photos/medium/43658152.jpg,13400,Land without current use
48.991847999999900,1.721200000000000,http://mw2.google.com/mw-panoramio/photos/medium/54783610.jpg,50000,Water bodies
48.989975000000000,1.721989000000000,http://mw2.google.com/mw-panoramio/photos/medium/40279707.jpg,50000,Water bodies
48.984893999999900,1.713902000000000,http://mw2.google.com/mw-panoramio/photos/medium/54276599.jpg,12100,"Industrial, commercial, public, military and private units"
48.974696000000000,1.806221000000000,http://mw2.google.com/mw-panoramio/photos/medium/43658604.jpg,11220,Discontinuous Medium Density Urban Fabric (S.L. : 30% - 50%)
48.974358000000000,1.803131000000000,http://mw2.google.com/mw-panoramio/photos/medium/43658181.jpg,11220,Discontinuous Medium Density Urban Fabric (S.L. : 30% - 50%)
48.978833000000000,1.718167000000000,http://mw2.google.com/mw-panoramio/photos/medium/55382226.jpg,14200,Sports and leisure facilities
48.974583000000000,1.807594000000000,http://mw2.google.com/mw-panoramio/photos/medium/43658162.jpg,50000,Water bodies
48.976174000000000,1.826147000000000,http://mw2.google.com/mw-panoramio/photos/medium/71116361.jpg,20000,Agricultural + Semi-natural areas + Wetlands
48.974358000000000,1.805019000000000,http://mw2.google.com/mw-panoramio/photos/medium/43658174.jpg,12220,Other roads and associated land
48.981833000000000,1.708667000000000,http://mw2.google.com/mw-panoramio/photos/medium/55673736.jpg,12100,"Industrial, commercial, public, military and private units"
48.990482999999900,1.720479000000000,http://mw2.google.com/mw-panoramio/photos/medium/52538735.jpg,12100,"Industrial, commercial, public, military and private units"
48.981833000000000,1.708667000000000,http://mw2.google.com/mw-panoramio/photos/medium/55673744.jpg,12100,"Industrial, commercial, public, military and private units"
48.990217999999900,1.720447000000000,http://mw2.google.com/mw-panoramio/photos/medium/52538652.jpg,12100,"Industrial, commercial, public, military and private units"
48.990575999999900,1.719725000000000,http://mw2.google.com/mw-panoramio/photos/medium/52538708.jpg,12100,"Industrial, commercial, public, military and private units"
48.990222000000000,1.720401000000000,http://mw2.google.com/mw-panoramio/photos/medium/52538689.jpg,12100,"Industrial, commercial, public, military and private units"
49.005155000000000,1.715325000000000,http://mw2.google.com/mw-panoramio/photos/medium/75374812.jpg,11230,Discontinuous Low Density Urban Fabric (S.L. : 10% - 30%)
48.991934000000000,1.725675000000000,http://mw2.google.com/mw-panoramio/photos/medium/78472623.jpg,50000,Water bodies
49.002282999999900,1.710164000000000,http://mw2.google.com/mw-panoramio/photos/medium/72892272.jpg,14100,Green urban areas
48.974049000000000,1.712570000000000,http://mw2.google.com/mw-panoramio/photos/medium/78472594.jpg,12100,"Industrial, commercial, public, military and private units"
49.002307000000000,1.710170000000000,http://mw2.google.com/mw-panoramio/photos/medium/72892177.jpg,14100,Green urban areas
48.990659999999900,1.719425000000000,http://mw2.google.com/mw-panoramio/photos/medium/84536743.jpg,11100,Continuous Urban Fabric (S.L. > 80%)
48.991917000000000,1.721753000000000,http://mw2.google.com/mw-panoramio/photos/medium/78472622.jpg,12220,Other roads and associated land
48.991061999999900,1.717441000000000,http://mw2.google.com/mw-panoramio/photos/medium/78472625.jpg,12220,Other roads and associated land
48.991050999999900,1.718207000000000,http://mw2.google.com/mw-panoramio/photos/medium/78472618.jpg,11100,Continuous Urban Fabric (S.L. > 80%)
48.990096999999900,1.720022000000000,http://mw2.google.com/mw-panoramio/photos/medium/89196736.jpg,11210,Discontinuous Dense Urban Fabric (S.L. : 50% -  80%)
48.989710000000000,1.718787000000000,http://mw2.google.com/mw-panoramio/photos/medium/78472624.jpg,12220,Other roads and associated land
48.990546999999900,1.719617000000000,http://mw2.google.com/mw-panoramio/photos/medium/89196788.jpg,12100,"Industrial, commercial, public, military and private units"
48.990893000000000,1.717252000000000,http://mw2.google.com/mw-panoramio/photos/medium/88981706.jpg,11100,Continuous Urban Fabric (S.L. > 80%)
48.990578999999900,1.719608000000000,http://mw2.google.com/mw-panoramio/photos/medium/78472616.jpg,12100,"Industrial, commercial, public, military and private units"
48.990893000000000,1.717257000000000,http://mw2.google.com/mw-panoramio/photos/medium/88981685.jpg,11100,Continuous Urban Fabric (S.L. > 80%)
48.989997000000000,1.720945000000000,http://mw2.google.com/mw-panoramio/photos/medium/89196663.jpg,12100,"Industrial, commercial, public, military and private units"
48.990561999999900,1.719630000000000,http://mw2.google.com/mw-panoramio/photos/medium/89196770.jpg,12100,"Industrial, commercial, public, military and private units"
48.990378000000000,1.719950000000000,http://mw2.google.com/mw-panoramio/photos/medium/89196811.jpg,12100,"Industrial, commercial, public, military and private units"
48.989933000000000,1.720945000000000,http://mw2.google.com/mw-panoramio/photos/medium/89196832.jpg,12100,"Industrial, commercial, public, military and private units"
48.990340000000000,1.719200000000000,http://mw2.google.com/mw-panoramio/photos/medium/78472617.jpg,11100,Continuous Urban Fabric (S.L. > 80%)
48.990927999999900,1.716855000000000,http://mw2.google.com/mw-panoramio/photos/medium/88981657.jpg,12220,Other roads and associated land
48.990893999999900,1.717260000000000,http://mw2.google.com/mw-panoramio/photos/medium/88981669.jpg,11100,Continuous Urban Fabric (S.L. > 80%)
48.990107999999900,1.720005000000000,http://mw2.google.com/mw-panoramio/photos/medium/89196702.jpg,11210,Discontinuous Dense Urban Fabric (S.L. : 50% -  80%)
48.981560000000000,1.725306000000000,http://mw2.google.com/mw-panoramio/photos/medium/93070748.jpg,12100,"Industrial, commercial, public, military and private units"
48.975456000000000,1.738661000000000,http://mw2.google.com/mw-panoramio/photos/medium/101679603.jpg,50000,Water bodies
49.039386999999900,1.803732000000000,http://mw2.google.com/mw-panoramio/photos/medium/104489429.jpg,11230,Discontinuous Low Density Urban Fabric (S.L. : 10% - 30%)
48.992721000000000,1.724167000000000,http://mw2.google.com/mw-panoramio/photos/medium/99733289.jpg,12220,Other roads and associated land
49.031666999999900,1.798056000000000,http://mw2.google.com/mw-panoramio/photos/medium/108576451.jpg,20000,Agricultural + Semi-natural areas + Wetlands
48.973174999999900,1.727257000000000,http://mw2.google.com/mw-panoramio/photos/medium/99733287.jpg,12220,Other roads and associated land
